,model,ca,precision,recall,f1
0,Node2Vec,0.57,0.5873715124816447,0.5235602094240838,0.5536332179930795
